{
    "wp_inactive_widgets": [
        "text-3",
        "vibeposts-3",
        "vibetestimonials-3",
        "recent-posts-3"
    ],
    "student_sidebar": [
        "wplms_dash_stats-2",
        "wplms_dash_stats-3",
        "wplms_dash_stats-4",
        "wplms_dash_stats-5",
        "wplms_student_stats-2",
        "wplms_dash_activity-2",
        "wplms_dash_tasks-2",
        "wplms_dash_mymodules-2"
    ],
    "instructor_sidebar": [
        "wplms_instructor_dash_stats-2",
        "wplms_instructor_dash_stats-3",
        "wplms_instructor_dash_stats-4",
        "wplms_instructor_dash_stats-5",
        "wplms_instructor_dash_stats-6",
        "wplms_instructor_dash_stats-7",
        "wplms_instructor_dash_stats-8",
        "wplms_instructor_dash_stats-9",
        "wplms_instructor_commission_stats-2",
        "wplms_instructor_stats-2",
        "wplms_announcement-2",
        "wplms_dash_instructing_modules-2"
    ],
    "mainsidebar": [
        "search-2",
        "recent-posts-2",
        "recent-comments-2",
        "archives-2",
        "categories-2",
        "meta-2"
    ],
    "bbpress": [
        "bp_course_search_widget-4"
    ],
    "coursesidebar": [
        "bp_course_related_courses_widget-2",
        "bp_course_widget-3",
        "bp_course_reviews_widget-2"
    ],
    "searchsidebar": [
        "bp_course_search_widget-3",
        "bp_course_widget-4"
    ],
    "shopsidebar": [
        "woocommerce_price_filter-2",
        "woocommerce_layered_nav_filters-2",
        "woocommerce_layered_nav-2",
        "woocommerce_product_categories-2"
    ],
    "productsidebar": [
        "woocommerce_top_rated_products-2"
    ],
    "buddypress": [
        "vibe_course_categories_nav-2",
        "bp_course_filter_widget-3"
    ],
    "checkout": [
        "bp_course_related_courses_widget-3"
    ],
    "topfootersidebar": [
        "nav_menu-5",
        "bp_course_widget-6",
        "text-7",
        "text-5"
    ],
    "bottomfootersidebar": [
        "text-8",
        "custom_html-2"
    ],
    "array_version": 3
}