{
    "wp_inactive_widgets": [
        "archives-2",
        "meta-2",
        "search-2",
        "categories-2",
        "recent-posts-2",
        "recent-comments-2",
        "wplms_instructor_dash_stats-2",
        "wplms_instructor_dash_stats-3",
        "wplms_instructor_dash_stats-4",
        "wplms_instructor_dash_stats-5",
        "wplms_instructor_dash_stats-6",
        "wplms_instructor_dash_stats-7",
        "wplms_instructor_dash_stats-8",
        "wplms_instructor_dash_stats-9",
        "wplms_instructor_stats-2",
        "wplms_instructor_commission_stats-2"
    ],
    "student_sidebar": [
        "wplms_dash_stats-2",
        "wplms_dash_stats-3",
        "wplms_dash_stats-4",
        "wplms_dash_stats-5",
        "wplms_student_stats-2",
        "wplms_course_progress-2",
        "wplms_dash_activity-2"
    ],
    "instructor_sidebar": [],
    "mainsidebar": [],
    "bbpress": [
        "bbp_search_widget-2",
        "bbp_topics_widget-2"
    ],
    "coursesidebar": [
        "vibe_course_categories_nav-3"
    ],
    "searchsidebar": [
        "vibe_course_categories-3",
        "tag_cloud-3"
    ],
    "shopsidebar": [
        "woocommerce_price_filter-2",
        "woocommerce_layered_nav_filters-2",
        "woocommerce_layered_nav-2"
    ],
    "productsidebar": [
        "woocommerce_top_rated_products-2",
        "woocommerce_recently_viewed_products-2"
    ],
    "buddypress": [
        "vibe_course_categories_nav-4"
    ],
    "checkout": [],
    "topfootersidebar": [
        "text-5"
    ],
    "bottomfootersidebar": [
        "tag_cloud-4",
        "text-6",
        "recent-posts-3",
        "search-3"
    ],
    "MegaMenu": [
        "nav_menu-7",
        "nav_menu-6",
        "text-4"
    ],
    "MegaMenu2": [
        "nav_menu-10",
        "nav_menu-11",
        "nav_menu-12",
        "nav_menu-15"
    ],
    "array_version": 3
}